LID,contig,position,Base Pairing Prob.
51,FMN,0,0.999793
51,FMN,1,0.999958
51,FMN,2,0.999866
51,FMN,3,0.999978
51,FMN,4,0.999982
51,FMN,5,0.999914
51,FMN,6,0.995751
51,FMN,7,0.990731
51,FMN,8,0.974679
51,FMN,9,0.974679
51,FMN,10,0.974679
51,FMN,11,0.974679
51,FMN,12,0.997545
51,FMN,13,0.974679
51,FMN,14,0.994218
51,FMN,15,0.994238
51,FMN,16,0.992991
51,FMN,17,0.974679
51,FMN,18,0.262538
51,FMN,19,0.262265
51,FMN,20,0.257959
51,FMN,21,0.263728
51,FMN,22,0.994238
51,FMN,23,0.49812
51,FMN,24,0.204354
51,FMN,25,0.999232
51,FMN,26,0.974679
51,FMN,27,0.998336
51,FMN,28,0.995751
51,FMN,29,0.995713
51,FMN,30,0.367199
51,FMN,31,0.366921
51,FMN,32,0.995713
51,FMN,33,0.998336
51,FMN,34,0.999232
51,FMN,35,0.997545
51,FMN,36,0.36418
51,FMN,37,0.0855843
51,FMN,38,0.498298
51,FMN,39,0.49812
51,FMN,40,0.504237
51,FMN,41,0.507036
51,FMN,42,0.507452
51,FMN,43,0.507467
51,FMN,44,0.507446
51,FMN,45,0.507021
51,FMN,46,0.464726
51,FMN,47,0.974679
51,FMN,48,0.997942
51,FMN,49,0.974679
51,FMN,50,0.999855
51,FMN,51,0.974679
51,FMN,52,0.999857
51,FMN,53,0.999866
51,FMN,54,0.999701
51,FMN,55,0.991174
51,FMN,56,0.974679
51,FMN,57,0.974679
51,FMN,58,0.974679
51,FMN,59,0.974679
51,FMN,60,0.974679
51,FMN,61,0.974679
51,FMN,62,0.150369
51,FMN,63,0.974679
51,FMN,64,0.974679
51,FMN,65,0.974679
51,FMN,66,0.974679
51,FMN,67,0.974679
51,FMN,68,0.577669
51,FMN,69,0.111107
51,FMN,70,0.104485
51,FMN,71,0.010793
51,FMN,72,0.011911
51,FMN,73,0.0385633
51,FMN,74,0.0711257
51,FMN,75,0.0837678
51,FMN,76,0.0899667
51,FMN,77,0.0892291
51,FMN,78,0.0254332
51,FMN,79,0.0225228
51,FMN,80,0.0691216
51,FMN,81,0.974679
51,FMN,82,0.974679
51,FMN,83,0.974679
51,FMN,84,0.974679
51,FMN,85,0.974679
51,FMN,86,0.370943
51,FMN,87,0.3704
51,FMN,88,0.0642698
51,FMN,89,0.0682284
51,FMN,90,0.068427
51,FMN,91,0.0684551
51,FMN,92,0.974679
51,FMN,93,0.974679
51,FMN,94,0.974679
51,FMN,95,0.974679
51,FMN,96,0.974679
51,FMN,97,0.974679
51,FMN,98,0.974679
51,FMN,99,0.974679
51,FMN,100,0.150549
51,FMN,101,0.0193518
51,FMN,102,0.0274551
51,FMN,103,0.0250564
51,FMN,104,0.998044
51,FMN,105,0.999646
51,FMN,106,0.999914
51,FMN,107,0.999982
51,FMN,108,0.999978
51,FMN,109,0.999958
51,FMN,110,0.999793
51,FMN,111,0.991265
