LID,contig,position,Base Pairing Prob.
47,FMN,0,0.999695
47,FMN,1,0.99986
47,FMN,2,0.999895
47,FMN,3,0.999911
47,FMN,4,0.999891
47,FMN,5,0.999793
47,FMN,6,0.995751
47,FMN,7,0.990731
47,FMN,8,0.974679
47,FMN,9,0.974679
47,FMN,10,0.974679
47,FMN,11,0.974679
47,FMN,12,0.974679
47,FMN,13,0.974679
47,FMN,14,0.99693
47,FMN,15,0.996942
47,FMN,16,0.996905
47,FMN,17,0.974679
47,FMN,18,0.0870802
47,FMN,19,0.0494963
47,FMN,20,0.0387005
47,FMN,21,0.0468421
47,FMN,22,0.996942
47,FMN,23,0.0870802
47,FMN,24,0.974679
47,FMN,25,0.974679
47,FMN,26,0.974679
47,FMN,27,0.990731
47,FMN,28,0.995751
47,FMN,29,0.40375
47,FMN,30,0.403762
47,FMN,31,0.403598
47,FMN,32,0.995713
47,FMN,33,0.998336
47,FMN,34,0.999232
47,FMN,35,0.997545
47,FMN,36,0.428599
47,FMN,37,0.431006
47,FMN,38,0.141964
47,FMN,39,0.401864
47,FMN,40,0.998336
47,FMN,41,0.997545
47,FMN,42,0.999232
47,FMN,43,0.431016
47,FMN,44,0.405646
47,FMN,45,0.178989
47,FMN,46,0.36594
47,FMN,47,0.974679
47,FMN,48,0.974679
47,FMN,49,0.974679
47,FMN,50,0.974679
47,FMN,51,0.974679
47,FMN,52,0.974679
47,FMN,53,0.974679
47,FMN,54,0.974679
47,FMN,55,0.974679
47,FMN,56,0.974679
47,FMN,57,0.974679
47,FMN,58,0.974679
47,FMN,59,0.974679
47,FMN,60,0.974679
47,FMN,61,0.974679
47,FMN,62,0.123302
47,FMN,63,0.974679
47,FMN,64,0.974679
47,FMN,65,0.974679
47,FMN,66,0.974679
47,FMN,67,0.974679
47,FMN,68,0.276132
47,FMN,69,0.127826
47,FMN,70,0.128623
47,FMN,71,0.997942
47,FMN,72,0.0246664
47,FMN,73,0.0387005
47,FMN,74,0.999895
47,FMN,75,0.99973
47,FMN,76,0.991202
47,FMN,77,0.139981
47,FMN,78,0.0773602
47,FMN,79,0.0763769
47,FMN,80,0.199474
47,FMN,81,0.974679
47,FMN,82,0.974679
47,FMN,83,0.974679
47,FMN,84,0.974679
47,FMN,85,0.974679
47,FMN,86,0.370943
47,FMN,87,0.999911
47,FMN,88,0.163975
47,FMN,89,0.17064
47,FMN,90,0.170898
47,FMN,91,0.170894
47,FMN,92,0.974679
47,FMN,93,0.974679
47,FMN,94,0.974679
47,FMN,95,0.974679
47,FMN,96,0.394046
47,FMN,97,0.394077
47,FMN,98,0.393944
47,FMN,99,0.390266
47,FMN,100,0.169212
47,FMN,101,0.0330704
47,FMN,102,0.0330534
47,FMN,103,0.0326915
47,FMN,104,0.997972
47,FMN,105,0.999536
47,FMN,106,0.999793
47,FMN,107,0.999884
47,FMN,108,0.999879
47,FMN,109,0.99986
47,FMN,110,0.999695
47,FMN,111,0.991168
