LID,contig,position,Reactivity
47,FMN,0,0.0
47,FMN,1,0.0
47,FMN,2,0.0
47,FMN,3,0.0
47,FMN,4,0.0
47,FMN,5,0.0
47,FMN,6,0.0
47,FMN,7,0.0
47,FMN,8,0.0
47,FMN,9,0.0
47,FMN,10,0.0
47,FMN,11,0.0
47,FMN,12,0.0
47,FMN,13,0.711667
47,FMN,14,0.0
47,FMN,15,0.0
47,FMN,16,0.0
47,FMN,17,0.0
47,FMN,18,0.0
47,FMN,19,0.0
47,FMN,20,1.60376
47,FMN,21,0.0
47,FMN,22,0.0
47,FMN,23,2.0
47,FMN,24,0.0
47,FMN,25,0.0
47,FMN,26,0.0
47,FMN,27,0.0
47,FMN,28,0.0
47,FMN,29,0.0
47,FMN,30,0.137465
47,FMN,31,0.0
47,FMN,32,0.0
47,FMN,33,0.0
47,FMN,34,0.0
47,FMN,35,0.0
47,FMN,36,0.0
47,FMN,37,0.0
47,FMN,38,0.61
47,FMN,39,0.0
47,FMN,40,0.0
47,FMN,41,0.0
47,FMN,42,0.0
47,FMN,43,0.0
47,FMN,44,0.451852
47,FMN,45,0.0
47,FMN,46,0.0
47,FMN,47,0.0
47,FMN,48,0.0
47,FMN,49,0.0
47,FMN,50,0.0
47,FMN,51,0.0
47,FMN,52,0.0
47,FMN,53,0.387302
47,FMN,54,0.0
47,FMN,55,0.998182
47,FMN,56,0.0
47,FMN,57,0.0
47,FMN,58,0.0
47,FMN,59,0.35534
47,FMN,60,0.0
47,FMN,61,0.0
47,FMN,62,0.489632
47,FMN,63,0.0
47,FMN,64,0.0
47,FMN,65,0.0
47,FMN,66,0.0
47,FMN,67,0.0
47,FMN,68,0.0
47,FMN,69,0.0
47,FMN,70,0.212636
47,FMN,71,0.0
47,FMN,72,0.0
47,FMN,73,1.47136
47,FMN,74,0.0
47,FMN,75,0.0
47,FMN,76,1.03099
47,FMN,77,0.0
47,FMN,78,0.0
47,FMN,79,0.0
47,FMN,80,0.223853
47,FMN,81,0.0
47,FMN,82,0.0
47,FMN,83,0.0
47,FMN,84,0.0
47,FMN,85,1.6
47,FMN,86,0.0
47,FMN,87,0.0
47,FMN,88,0.0
47,FMN,89,0.0
47,FMN,90,0.0
47,FMN,91,1.00471
47,FMN,92,0.0
47,FMN,93,0.0
47,FMN,94,0.586186
47,FMN,95,0.0
47,FMN,96,0.0
47,FMN,97,0.0
47,FMN,98,0.0
47,FMN,99,0.0
47,FMN,100,0.0
47,FMN,101,0.0
47,FMN,102,0.0
47,FMN,103,0.0
47,FMN,104,0.0
47,FMN,105,0.0
47,FMN,106,0.0
47,FMN,107,0.0
47,FMN,108,0.0
47,FMN,109,0.0
47,FMN,110,0.0
47,FMN,111,0.0
