,Condition,Insertion,Deletion,Mismatch,Average
FMN,ACIM,0.02432197460439999,0.006014902429702227,0.008735823723316596,0.013024233585806271
